{
    "wall_time": 0.00039725471287965775,
    "image_reports": [
        {
            "image": "0071.png",
            "num_features": 4149,
            "wall_time": 0.5147761539556086
        },
        {
            "image": "0005.png",
            "num_features": 4209,
            "wall_time": 0.5112879448570311
        },
        {
            "image": "0017.png",
            "num_features": 3981,
            "wall_time": 0.48154269997030497
        },
        {
            "image": "0011.png",
            "num_features": 4041,
            "wall_time": 0.48918286012485623
        }
    ]
}