{
    "wall_times": {
        "load_features": 0.023368917871266603,
        "load_matches": 0.000691290944814682,
        "compute_tracks": 0.056310691870749
    },
    "wall_time": 0.08037090068683028,
    "num_images": 4,
    "num_tracks": 3064,
    "view_graph": [
        [
            "0005.png",
            "0017.png",
            243
        ],
        [
            "0011.png",
            "0071.png",
            2233
        ],
        [
            "0005.png",
            "0011.png",
            1380
        ],
        [
            "0005.png",
            "0071.png",
            1431
        ],
        [
            "0011.png",
            "0017.png",
            956
        ],
        [
            "0017.png",
            "0071.png",
            732
        ]
    ]
}